account_id,plan_tier,seats,is_trial,churn_flag
A-2e4581,Basic,9,False,False
A-43a9e3,Basic,18,False,True
A-0a282f,Basic,1,False,False
A-1f0ac7,Basic,24,True,False
A-ce550d,Enterprise,35,False,True
A-1b9609,Enterprise,4,False,False
A-a0ca4e,Pro,11,False,False
A-e5d6ab,Pro,3,False,False
A-7dacce,Enterprise,12,False,True
A-10b8da,Enterprise,14,False,True
A-592832,Basic,18,False,True
A-d40bf7,Basic,59,False,False
A-6c093d,Basic,7,True,False
A-462d45,Enterprise,11,True,False
A-956988,Enterprise,1,False,False
A-ac14bb,Enterprise,21,False,False
A-463db0,Basic,15,False,False
A-ce66f8,Pro,29,False,False
A-c4ea60,Enterprise,18,False,True
A-832ec2,Enterprise,4,True,False
A-684255,Enterprise,9,False,False
A-c42f1f,Pro,8,False,False
A-4e44e8,Enterprise,3,False,True
A-30b4ca,Basic,86,False,True
A-9f2731,Enterprise,1,False,False
A-32fb14,Enterprise,26,False,True
A-00cac8,Enterprise,8,True,False
A-35083d,Basic,19,False,True
A-eb7fac,Enterprise,7,False,False
A-b20d99,Basic,20,False,False
A-396e5f,Enterprise,2,False,False
A-45ce7a,Enterprise,16,False,False
A-08e34e,Basic,14,False,True
A-8145a0,Basic,2,True,False
A-bad8c1,Basic,7,False,False
A-44dc83,Basic,5,False,False
A-f446b6,Pro,5,True,False
A-a45270,Enterprise,3,False,False
A-854864,Enterprise,20,False,False
A-1b7577,Pro,4,False,False
A-05f0e5,Basic,32,False,False
A-9077b0,Basic,2,False,False
A-7f8241,Pro,34,False,True
A-2bc93d,Basic,14,False,False
A-f3ff05,Enterprise,2,False,False
A-2d4502,Basic,7,False,False
A-6a4e2d,Pro,9,False,False
A-eb7c38,Enterprise,5,False,False
A-c37601,Basic,6,True,False
A-3b5cd1,Basic,13,True,False
A-b2225d,Basic,47,False,True
A-94f8c9,Basic,13,False,False
A-02fac6,Pro,22,False,False
A-c1dfe1,Pro,26,False,False
A-32728c,Pro,20,False,True
A-4c38bc,Basic,36,False,True
A-1b707d,Enterprise,1,False,False
A-6f8ad2,Basic,1,False,False
A-4d1e75,Basic,20,False,False
A-9ee962,Basic,9,False,True
A-378b99,Pro,8,True,False
A-94d3da,Basic,41,False,False
A-e351e1,Enterprise,33,False,False
A-9badbd,Enterprise,5,True,False
A-7e0a10,Enterprise,46,False,False
A-118d55,Basic,8,False,False
A-526d93,Basic,43,False,False
A-f92792,Pro,1,False,False
A-84ebe4,Pro,18,True,True
A-5b4ebb,Basic,21,True,True
A-2922b6,Basic,15,False,False
A-9b9fe9,Basic,5,False,False
A-a8b49c,Basic,7,False,False
A-9174e0,Basic,37,False,False
A-a1bbb6,Basic,1,False,False
A-c45b23,Basic,5,False,False
A-02cd81,Basic,44,False,False
A-ee42db,Enterprise,13,False,False
A-432483,Pro,4,False,False
A-9208f0,Pro,1,False,True
A-98a59a,Enterprise,56,False,False
A-fe79a5,Basic,9,True,False
A-726cfa,Pro,11,False,False
A-c43359,Pro,38,False,False
A-271f46,Pro,38,False,True
A-157070,Pro,16,False,False
A-40a557,Pro,16,True,False
A-66224b,Pro,92,True,False
A-91e948,Basic,41,False,False
A-104f1a,Pro,24,False,False
A-7988d1,Basic,33,False,False
A-faa28c,Enterprise,48,False,False
A-f25509,Enterprise,32,False,False
A-3a7284,Enterprise,31,False,False
A-3a5ad8,Enterprise,9,True,False
A-65a46c,Pro,1,False,False
A-8b25f2,Pro,6,False,True
A-fabe19,Enterprise,1,False,False
A-adc1f3,Pro,2,False,False
A-503d5a,Enterprise,4,False,True
A-fd7ad3,Enterprise,1,False,False
A-186a44,Enterprise,20,False,False
A-e888d1,Pro,14,False,False
A-69fad4,Basic,6,False,True
A-9289f6,Enterprise,1,False,False
A-f19409,Basic,23,False,True
A-22f2df,Basic,3,False,False
A-039727,Pro,25,False,False
A-2e3bad,Pro,61,False,False
A-484819,Pro,18,False,False
A-425e76,Enterprise,8,False,True
A-e83938,Pro,2,True,True
A-ad296b,Pro,38,False,False
A-e51ec7,Enterprise,2,False,False
A-0aaf6e,Enterprise,3,False,False
A-e61e98,Enterprise,19,False,True
A-92a333,Enterprise,9,False,False
A-95b24a,Pro,38,False,True
A-42e5e1,Pro,1,False,True
A-7d514c,Enterprise,17,False,False
A-65aeb5,Pro,9,False,False
A-e2cd1b,Enterprise,15,False,False
A-180abf,Pro,64,False,True
A-f17767,Enterprise,1,True,True
A-5a184f,Enterprise,1,False,True
A-7df7a7,Basic,7,False,True
A-1ac5e0,Basic,33,False,True
A-52dd88,Pro,23,False,False
A-bece89,Pro,26,False,False
A-029f69,Basic,3,False,False
A-5c046d,Basic,93,False,False
A-fb186e,Basic,29,False,False
A-ae052e,Basic,39,False,False
A-9f9299,Enterprise,28,True,False
A-96e141,Basic,14,False,False
A-117171,Basic,45,False,True
A-313be3,Enterprise,47,True,False
A-671f31,Basic,59,False,False
A-bbc346,Enterprise,19,False,False
A-c16101,Basic,7,False,False
A-50f3f7,Basic,31,False,True
A-7da956,Pro,13,True,False
A-019782,Enterprise,11,False,False
A-df10db,Enterprise,2,True,False
A-3932db,Pro,19,True,True
A-4f18f0,Pro,24,True,False
A-4c6f11,Pro,24,True,True
A-8ae05d,Enterprise,86,False,False
A-b78bf8,Pro,33,False,False
A-eafc6e,Pro,27,False,True
A-37f969,Enterprise,30,False,False
A-10b8f2,Basic,47,True,False
A-439b2f,Enterprise,1,False,True
A-544d0a,Basic,2,True,False
A-ba6516,Pro,27,False,False
A-712426,Enterprise,9,False,False
A-038089,Pro,5,False,True
A-afa505,Basic,70,True,False
A-d5a319,Enterprise,15,False,True
A-f97b9a,Pro,16,False,False
A-2f6a32,Basic,19,False,False
A-856b1e,Basic,19,False,False
A-17939a,Basic,1,False,False
A-d27f50,Enterprise,44,False,False
A-e36807,Pro,6,False,False
A-ff79f2,Basic,8,False,True
A-5b1bcd,Pro,73,False,False
A-71615e,Basic,15,False,False
A-794a0b,Basic,23,False,False
A-86902e,Enterprise,34,False,False
A-0532a9,Pro,19,False,False
A-9779ad,Pro,40,True,True
A-f45426,Basic,9,False,False
A-c1e51e,Basic,3,False,False
A-fa3095,Basic,70,False,False
A-ad64c6,Pro,12,False,False
A-39b19f,Enterprise,1,False,False
A-56962b,Enterprise,163,False,False
A-e60f9d,Basic,29,False,False
A-88c6ca,Basic,5,False,True
A-158f4e,Enterprise,61,False,False
A-5b051a,Enterprise,22,False,False
A-296d7c,Enterprise,2,False,False
A-1619f8,Pro,29,False,False
A-a1b80b,Basic,16,False,False
A-139c3b,Enterprise,10,True,True
A-702032,Pro,28,False,False
A-7a0d69,Enterprise,4,True,True
A-22d9d2,Pro,8,False,False
A-b9eed8,Basic,11,False,False
A-dfbd31,Enterprise,14,False,False
A-8e47ca,Pro,19,False,False
A-4437e4,Enterprise,3,False,False
A-779e4e,Basic,5,False,False
A-53f4e3,Enterprise,13,False,False
A-692f18,Basic,5,True,True
A-13466a,Basic,2,False,True
A-1986ca,Pro,20,False,False
A-0cc442,Basic,45,False,False
A-c608c8,Pro,3,False,True
A-3be56b,Pro,3,False,True
A-354f12,Pro,1,True,False
A-68f37c,Basic,4,False,False
A-aa9511,Pro,23,True,False
A-af0cd2,Enterprise,19,True,False
A-bd4513,Enterprise,50,True,False
A-c222ab,Pro,32,False,True
A-34d880,Enterprise,4,False,False
A-508199,Basic,19,False,False
A-f03140,Pro,27,True,False
A-410e86,Basic,24,False,False
A-fa2041,Pro,15,True,False
A-de58ca,Enterprise,15,False,False
A-05d3b3,Basic,9,True,False
A-249769,Enterprise,4,False,True
A-e43bf7,Pro,44,False,False
A-eb2fdc,Enterprise,31,False,True
A-e1462e,Basic,15,False,False
A-cab532,Pro,11,True,False
A-9123ac,Pro,9,False,False
A-6e08f3,Basic,8,False,False
A-d922bf,Basic,5,True,True
A-8ed5dd,Enterprise,5,False,True
A-7c6b6b,Basic,6,False,False
A-3c1a3f,Pro,1,False,False
A-b48f73,Pro,80,True,False
A-76fa4d,Pro,69,False,False
A-b2af2e,Enterprise,5,False,False
A-9bfc9f,Pro,53,False,False
A-4ae22a,Pro,6,False,True
A-fda07f,Basic,7,False,False
A-de24d5,Enterprise,5,True,False
A-977ca0,Basic,6,False,True
A-ab438f,Enterprise,13,False,True
A-e89151,Pro,8,True,True
A-40906c,Basic,92,False,False
A-81edc3,Basic,5,False,False
A-328bd0,Enterprise,18,False,False
A-b3fe05,Pro,8,False,False
A-09540c,Basic,67,True,False
A-e693b6,Enterprise,55,False,True
A-2446e3,Pro,27,False,False
A-241e75,Enterprise,3,False,False
A-922109,Pro,3,False,False
A-ff3c73,Pro,21,False,False
A-8b0451,Enterprise,41,False,False
A-331424,Basic,11,False,False
A-51ec1b,Enterprise,7,False,False
A-bcf664,Pro,5,False,False
A-90a8c8,Pro,15,False,False
A-86cdb4,Basic,2,False,False
A-4bfa33,Basic,8,True,False
A-dbc825,Enterprise,19,False,False
A-c70870,Basic,31,False,False
A-7c4956,Enterprise,5,False,True
A-0651a4,Pro,16,False,False
A-3ce5b8,Basic,8,False,True
A-bd4708,Pro,37,True,False
A-993085,Basic,31,True,False
A-92a3af,Enterprise,25,False,False
A-151c9a,Enterprise,23,False,False
A-474ad4,Basic,8,False,False
A-4ef964,Pro,17,False,False
A-fd9422,Pro,58,False,False
A-0baac2,Enterprise,14,False,True
A-bb1486,Basic,41,False,False
A-560d27,Pro,23,False,False
A-0b0d6d,Pro,3,False,False
A-2789e3,Enterprise,11,False,False
A-b07346,Pro,51,False,True
A-902ef7,Enterprise,83,False,True
A-20736a,Enterprise,50,False,False
A-e4bf56,Pro,17,False,True
A-cea1f0,Pro,8,False,True
A-ef84cf,Enterprise,8,False,False
A-d49cc5,Basic,50,False,False
A-67be94,Enterprise,26,False,False
A-4e960a,Enterprise,12,True,True
A-c37cab,Pro,13,False,False
A-533452,Pro,9,False,False
A-443b7c,Enterprise,1,False,True
A-1f7acb,Basic,64,True,False
A-f51f16,Enterprise,1,False,False
A-5a3eb9,Enterprise,18,True,False
A-5f2961,Basic,4,False,False
A-417d2f,Pro,4,True,False
A-e98302,Enterprise,16,True,False
A-8bde0c,Basic,12,False,False
A-bcf87c,Pro,10,False,True
A-54ecc2,Enterprise,4,False,False
A-625d0b,Basic,9,False,False
A-fce879,Pro,10,True,True
A-b07b56,Pro,25,False,True
A-6da850,Pro,5,False,False
A-342303,Pro,1,True,False
A-e7a1e2,Enterprise,3,False,False
A-f1f639,Basic,2,False,False
A-a865bd,Pro,38,False,False
A-4e631b,Enterprise,22,False,False
A-7f6b86,Basic,45,True,True
A-8adedc,Basic,4,True,True
A-2edab2,Enterprise,17,False,False
A-149a69,Basic,34,False,False
A-a6d261,Pro,9,False,False
A-443f6f,Basic,19,False,False
A-202b67,Pro,11,False,False
A-00bed1,Basic,28,True,False
A-ffc04f,Pro,13,False,False
A-65c341,Pro,11,True,False
A-dcc2f0,Basic,15,False,False
A-ced9aa,Enterprise,3,False,False
A-3d957b,Pro,14,False,False
A-89ee83,Pro,1,False,True
A-883b7d,Basic,17,False,False
A-dcc3f1,Pro,21,False,False
A-c62e55,Basic,1,True,False
A-e4144b,Pro,41,False,False
A-e40f45,Pro,21,False,False
A-96215d,Enterprise,10,False,False
A-2b9d3e,Enterprise,1,False,False
A-b7724f,Basic,1,False,False
A-310452,Enterprise,9,False,False
A-eb1312,Pro,25,False,False
A-df1e44,Enterprise,12,False,False
A-6a7c9d,Enterprise,26,False,True
A-cbd1a3,Basic,6,False,True
A-a8d89d,Pro,13,False,False
A-600734,Pro,29,True,True
A-86fc1d,Basic,26,False,False
A-78f02b,Enterprise,11,False,False
A-acb7f7,Basic,32,False,False
A-712f1c,Basic,17,False,True
A-3793ee,Enterprise,49,True,False
A-9a532a,Enterprise,11,False,False
A-2ebb4b,Basic,41,False,False
A-6843f2,Enterprise,21,False,False
A-c9bb3e,Pro,5,False,False
A-4814a3,Basic,87,False,True
A-b7b7b7,Basic,24,False,True
A-ccc747,Pro,16,False,True
A-bb3bd4,Basic,23,False,False
A-09316c,Enterprise,70,False,False
A-96bbc6,Enterprise,39,False,False
A-bc4d48,Pro,35,True,False
A-b30291,Basic,5,True,True
A-cdf020,Pro,23,False,False
A-e6afc1,Pro,1,False,False
A-e3bd71,Basic,31,False,False
A-b179bf,Basic,43,False,False
A-098560,Enterprise,1,False,True
A-82861f,Basic,41,False,False
A-94c3cd,Enterprise,32,False,False
A-a33200,Basic,29,False,False
A-034368,Enterprise,19,False,False
A-b54c01,Enterprise,29,False,False
A-d82ef9,Basic,26,False,True
A-bb2f49,Pro,8,False,False
A-1f559b,Enterprise,5,True,True
A-5a215a,Enterprise,87,False,False
A-3f9cc0,Basic,22,False,False
A-f9cc74,Enterprise,30,True,False
A-ed510f,Basic,42,False,False
A-5c9849,Basic,19,False,False
A-a7bd4b,Enterprise,5,False,False
A-d4ac0e,Basic,18,False,False
A-ffdfd5,Basic,3,False,True
A-0dbdc6,Pro,30,False,True
A-7cfe77,Pro,69,False,False
A-1f0636,Pro,105,False,False
A-40de06,Enterprise,28,False,True
A-cb5333,Pro,33,False,False
A-309e54,Pro,15,False,False
A-6e7827,Basic,1,False,False
A-50bb9f,Pro,2,False,False
A-5fe118,Enterprise,39,False,False
A-5247b3,Pro,16,True,False
A-f44180,Pro,9,False,False
A-c16cf7,Pro,13,True,False
A-d42431,Enterprise,22,True,False
A-6965e1,Basic,13,False,False
A-0354fe,Basic,34,False,False
A-0a62f5,Pro,16,False,False
A-f5641b,Pro,31,False,False
A-b44e3e,Basic,40,False,False
A-3b37d9,Enterprise,23,False,False
A-54d94a,Basic,27,False,False
A-7f29a7,Basic,41,True,False
A-089363,Basic,2,False,False
A-524364,Enterprise,3,False,False
A-855a48,Pro,14,True,False
A-756192,Basic,19,False,False
A-49b828,Pro,6,False,False
A-c7ffc2,Pro,30,True,False
A-751c58,Basic,15,False,False
A-72799b,Enterprise,20,False,True
A-812c5b,Basic,55,False,True
A-69b156,Pro,7,False,True
A-075038,Basic,17,False,False
A-940b8b,Basic,1,False,False
A-2d1036,Pro,69,False,True
A-0f6450,Pro,28,True,True
A-9affe6,Pro,7,False,False
A-80eeb6,Enterprise,22,False,False
A-d4e0d4,Basic,117,False,False
A-c7e58b,Pro,3,False,False
A-016043,Basic,4,True,False
A-bbe56f,Enterprise,21,False,False
A-7c5768,Enterprise,3,False,False
A-751bd4,Pro,10,False,False
A-4e0e85,Enterprise,6,False,False
A-ad3abd,Pro,44,False,False
A-e19ff6,Enterprise,1,False,False
A-7920cc,Pro,39,False,False
A-5a92e7,Pro,4,False,False
A-fdfc91,Basic,29,False,False
A-1e50e0,Pro,19,True,True
A-1e1b80,Enterprise,50,False,False
A-659280,Enterprise,13,True,True
A-f6b2fb,Basic,23,False,False
A-cb6cc6,Basic,13,True,False
A-d62e02,Pro,6,False,False
A-d535f6,Basic,12,True,True
A-39868b,Pro,9,False,False
A-3cc791,Enterprise,6,False,False
A-337bc1,Pro,30,True,False
A-58b9ff,Enterprise,2,False,False
A-bf7919,Pro,3,False,False
A-1d5444,Basic,24,False,True
A-0f3e88,Basic,7,False,True
A-7641d3,Pro,8,True,True
A-cd458b,Basic,10,True,False
A-c16b88,Enterprise,23,False,False
A-59f724,Enterprise,3,True,False
A-87aa7b,Pro,24,True,False
A-1e6fc3,Pro,1,False,False
A-39ddf4,Enterprise,40,False,False
A-34ea2f,Enterprise,8,False,True
A-716841,Pro,45,False,False
A-558c72,Basic,12,False,False
A-b11cd0,Pro,26,True,True
A-cc1d8d,Pro,5,False,False
A-7f4db3,Pro,4,False,False
A-db5e9e,Basic,4,False,False
A-cc102e,Enterprise,13,False,False
A-82d8a6,Basic,5,False,False
A-dec005,Pro,21,False,False
A-5790f4,Pro,1,True,False
A-7c83a1,Pro,12,False,False
A-297a2d,Pro,27,False,False
A-4c56c9,Enterprise,9,False,True
A-cbbe12,Enterprise,40,False,False
A-4a267b,Pro,25,False,False
A-bcbe98,Enterprise,46,False,False
A-427b69,Basic,17,False,False
A-0be015,Pro,19,False,False
A-054577,Basic,2,False,False
A-bc87bc,Pro,3,False,False
A-0f7d77,Pro,3,False,False
A-e7beab,Enterprise,5,False,False
A-a09355,Basic,14,False,False
A-31ab9a,Pro,3,False,False
A-0158bb,Basic,5,False,False
A-f19b24,Pro,29,True,False
A-798a3f,Enterprise,12,False,True
A-42b791,Pro,3,False,False
A-068fc6,Enterprise,35,False,False
A-6f50ae,Pro,19,False,True
A-a2485e,Pro,3,True,False
A-bb1eaa,Basic,21,False,False
A-cc98bc,Basic,32,False,False
A-d77f4c,Pro,4,True,False
A-ccabf0,Pro,1,False,False
A-700ade,Enterprise,1,True,False
A-4a4c2d,Enterprise,54,False,False
A-b7ef83,Pro,1,True,False
A-e08cd3,Pro,67,True,False
A-19b2c8,Pro,20,False,False
A-970c97,Enterprise,14,False,False
A-6dee43,Basic,3,True,False
A-5ed98d,Basic,24,False,False
A-c58f49,Enterprise,70,True,False
A-9c18c4,Pro,11,False,True
A-cc8c8f,Enterprise,23,False,False
A-5f7781,Pro,22,False,False
A-e1b9cd,Pro,40,False,True
A-ac85cd,Enterprise,53,False,False
A-d792a6,Enterprise,4,False,False
A-ac9111,Pro,21,True,False
A-18793f,Basic,148,True,False
A-9f0b68,Basic,10,False,False
A-d3c88e,Pro,16,False,False
A-ccb686,Basic,10,False,False
A-118f1c,Pro,32,False,False
A-0e966d,Basic,11,False,True
A-b9f5b1,Pro,15,True,False
A-8ae3fc,Pro,9,False,False
A-55f257,Basic,9,False,False
A-d26ab4,Basic,9,False,True
A-712533,Pro,18,False,False
A-781cc0,Pro,12,False,False
