churn_event_id,preceding_upgrade_flag,preceding_downgrade_flag,is_reactivation
C-816288,False,False,False
C-5a81e7,True,False,False
C-a174be,False,False,False
C-accb39,False,False,False
C-92f889,False,True,True
C-a8ac26,False,False,False
C-2e2966,True,False,False
C-ee531b,False,False,False
C-e6a0f0,False,False,False
C-9328ba,False,False,False
C-c89493,False,False,False
C-c54ef0,False,False,False
C-bb3556,False,False,False
C-875dc5,False,False,False
C-c8f7b4,False,False,False
C-865f19,False,False,False
C-102614,False,False,False
C-4ab0e2,True,False,False
C-742a59,False,False,False
C-1f9cf2,False,False,False
C-5d5a64,False,False,False
C-f81017,False,False,True
C-3292be,False,False,False
C-e582ea,False,False,False
C-100b97,False,False,False
C-8843d4,False,False,False
C-8b3048,True,False,False
C-48f456,False,False,False
C-dcdebc,False,False,False
C-8b229b,False,True,False
C-7d13bf,False,False,False
C-78a2bb,True,False,False
C-935f48,True,False,False
C-366a49,False,False,False
C-62e7a3,False,False,False
C-f3aca2,False,False,False
C-3b7c60,False,False,False
C-736efa,False,False,False
C-f6e873,False,False,False
C-2e2a3f,False,False,False
C-762dd4,False,False,False
C-f72425,False,False,False
C-0e273d,False,False,False
C-345bbc,True,True,False
C-555f55,False,True,False
C-a26ce8,False,True,False
C-86a446,True,False,False
C-10ce15,False,False,False
C-2698c2,False,False,False
C-48906a,True,False,False
C-4f7342,False,False,False
C-23b1d0,False,False,False
C-7f909a,False,False,False
C-f208d4,False,False,False
C-acbc2b,False,False,False
C-859615,False,False,False
C-035985,False,False,False
C-7cace4,False,False,False
C-06a2e6,True,False,False
C-eb9d5e,False,False,False
C-a45909,False,False,False
C-7f85f4,False,False,False
C-234aa7,False,False,False
C-0ba0a0,False,False,False
C-d05e42,False,False,False
C-8d3540,False,False,False
C-bedd8c,False,False,False
C-1cea52,True,False,False
C-1e0b1a,False,False,False
C-c4e7a7,False,False,False
C-915973,False,False,False
C-a403fc,False,False,False
C-025044,False,False,False
C-a54597,False,False,False
C-7ab794,False,False,False
C-7cd070,False,True,True
C-1727c8,False,False,False
C-bb9db4,False,False,False
C-0a0bf7,False,False,False
C-64ba8a,True,False,False
C-fab429,False,False,False
C-872bcf,False,False,False
C-480232,False,False,True
C-108b2a,False,False,False
C-775d4e,False,False,False
C-043665,False,False,True
C-2dbe71,False,False,False
C-b60cf0,True,False,False
C-f24343,False,False,True
C-a1d45c,True,False,False
C-9d36da,False,False,True
C-b4b58e,False,False,False
C-5cd282,False,False,False
C-95f56e,True,False,False
C-bd5b55,False,False,False
C-b8127e,False,False,False
C-8153b7,False,True,False
C-b6b828,False,False,False
C-a666a4,True,False,False
C-72d074,False,False,False
C-ced436,True,False,False
C-2cccb0,True,False,False
C-b08dda,False,False,False
C-66d447,False,False,False
C-860574,False,False,True
C-a4f797,False,False,False
C-4dfeb8,False,False,False
C-d3449f,False,False,False
C-1a5a14,False,False,False
C-6c63bc,False,False,False
C-1f5828,False,False,False
C-8203f3,False,False,False
C-f518d9,False,False,True
C-974322,True,False,False
C-6b610a,False,False,False
C-61ced5,True,False,False
C-bb8317,False,False,False
C-576ecc,False,False,False
C-2608a3,False,True,False
C-30462f,False,False,False
C-bc6f48,False,False,False
C-8052a7,False,False,False
C-3b399f,True,False,False
C-a761a8,False,True,True
C-192e1d,False,False,False
C-494a16,False,False,False
C-3db212,False,False,False
C-47cdaa,False,False,False
C-ac853d,False,True,False
C-a24d30,False,False,False
C-23a031,False,False,False
C-178070,False,False,False
C-70de89,False,False,False
C-49de12,False,True,False
C-97ab4b,False,False,False
C-23df1e,True,False,False
C-1b0bb3,False,False,False
C-48c0c8,False,True,True
C-eaa652,True,False,False
C-75e17f,False,False,False
C-3dbe46,False,False,False
C-4d517f,False,False,False
C-50dbff,False,False,False
C-2d03fc,False,False,False
C-8bf15d,False,False,False
C-c6998d,True,False,False
C-f8d15f,False,False,False
C-8eba65,False,False,False
C-a1253e,False,False,False
C-1e4b49,False,False,False
C-354790,False,False,False
C-b5bb09,False,False,False
C-eb8f3d,False,False,False
C-76793b,False,False,False
C-033d73,False,False,False
C-2b7d9b,False,True,False
C-6e6bcf,False,False,False
C-e26b7f,True,False,False
C-626a5c,False,False,False
C-fd2fe4,False,False,False
C-049f10,False,False,False
C-57871b,False,False,False
C-fafb31,True,False,False
C-8a3bc6,False,False,False
C-8f9053,False,False,False
C-7690f5,True,False,False
C-fb91f8,True,False,True
C-02604c,False,False,True
C-85e84b,False,False,False
C-df72bb,True,False,False
C-a41660,False,False,True
C-3e764b,False,False,False
C-f46a9e,False,False,False
C-864f6f,False,True,False
C-2cec1c,False,False,False
C-bc2761,False,False,False
C-c82861,False,False,False
C-7e1bbd,True,False,False
C-6cbc28,False,False,False
C-13f833,False,False,False
C-499165,False,False,False
C-5d5768,False,True,False
C-8ab44a,True,True,False
C-575802,False,False,False
C-b38b8a,False,False,False
C-e601dc,False,False,False
C-bc805f,False,False,False
C-8d2bf5,True,False,True
C-ae25d5,True,False,False
C-d20b00,True,False,False
C-0baa74,False,False,False
C-7762fe,True,False,False
C-70ab02,True,False,False
C-4c2a9f,True,False,False
C-5b6094,False,False,False
C-c5e093,False,False,True
C-94eebe,True,False,False
C-65ad11,False,False,False
C-ebc01c,False,True,False
C-ae15f4,False,False,False
C-26576c,False,False,False
C-f6fba0,False,False,True
C-cfa54b,False,True,False
C-260dec,False,False,False
C-947b6b,False,False,False
C-0af764,True,False,False
C-e91da6,True,False,False
C-2d8e22,False,False,False
C-47694c,False,False,False
C-b6549a,False,False,False
C-258ade,False,False,False
C-8eda06,False,False,False
C-07be44,False,False,True
C-62daa0,False,False,False
C-7d6220,False,False,False
C-a65f7c,False,False,False
C-02a354,False,False,False
C-5f43c3,False,False,False
C-36a955,True,False,False
C-7074f9,False,False,False
C-7befdc,False,False,False
C-a72f7f,False,False,False
C-065699,False,False,False
C-17044c,False,False,True
C-d716da,False,False,False
C-dd2ad2,False,False,False
C-2c410a,True,False,True
C-5f93ed,False,False,False
C-f79e5e,False,False,False
C-c9b84b,False,False,False
C-aee993,False,False,False
C-cc8de6,True,False,False
C-f1773a,True,False,False
C-fe3853,True,True,False
C-770066,False,False,False
C-449318,False,False,False
C-e2ecb7,False,False,False
C-211191,True,False,False
C-55f4ec,False,False,False
C-695fcd,False,False,False
C-921335,False,False,False
C-9776b7,False,False,False
C-b3d895,False,False,False
C-1965c1,False,False,False
C-0ec68d,False,False,False
C-08d3b3,False,False,True
C-466a70,True,False,False
C-02f4fa,False,False,False
C-ac34ca,True,True,False
C-92f5cb,False,False,False
C-08b126,True,False,True
C-9cc7a5,False,False,False
C-c5b2e8,False,False,False
C-be8018,False,False,False
C-23ca8f,False,True,False
C-2d0569,False,False,False
C-4c523f,False,False,False
C-57a768,False,False,False
C-573a5c,False,False,False
C-b7dfcd,False,False,False
C-8c9a9a,True,False,False
C-2ce12e,False,False,True
C-18b303,False,False,False
C-b6bc5f,False,True,True
C-8cce4c,False,False,False
C-8fcdf5,False,False,False
C-ddade1,False,False,True
C-5689de,False,False,False
C-2f61e8,False,False,False
C-4dc992,False,False,False
C-17fb24,False,False,False
C-21efb6,False,False,False
C-486194,True,False,True
C-3091b6,False,False,False
C-b37401,False,False,False
C-c93006,False,True,False
C-cea92d,True,False,False
C-f7846a,False,False,False
C-f5a863,False,False,True
C-056c32,False,False,False
C-75abb3,True,False,False
C-17377e,False,False,False
C-d84a6d,False,False,False
C-66b3fa,False,False,False
C-600a7c,False,True,False
C-7aa94d,False,False,False
C-c6a403,False,False,True
C-d3e2ab,False,False,True
C-b3c3ce,False,False,False
C-d7de9d,False,False,False
C-2447b3,False,False,True
C-155feb,False,False,False
C-5f450a,False,False,False
C-721738,False,False,False
C-33fc6a,False,True,False
C-4691eb,True,False,False
C-2cec7e,True,False,False
C-71ff03,False,True,False
C-2a64c7,False,False,False
C-5899b9,True,False,False
C-7e5a22,False,False,False
C-c3815e,False,False,False
C-190a42,False,False,False
C-d2077d,True,False,False
C-3b6b00,False,False,False
C-42ca6e,True,False,False
C-d9a1f3,False,False,False
C-217360,False,False,False
C-aa3075,False,False,False
C-3f2f59,False,False,False
C-4f6e40,False,False,False
C-2f95dd,False,True,False
C-38b77f,False,False,False
C-58deed,False,False,False
C-86f8a6,False,False,False
C-5d91cd,False,False,False
C-bfcee5,False,False,False
C-450414,True,False,False
C-dd4207,False,False,False
C-d4c4c6,False,False,False
C-149fc9,False,False,False
C-de3fd0,False,False,False
C-577ffa,True,False,False
C-a77075,True,False,False
C-4cdb6f,False,False,False
C-a9e0c4,False,False,False
C-0f0386,False,False,False
C-3c8ea9,True,False,False
C-66c9fe,False,False,False
C-533d1c,False,False,False
C-02719d,False,True,False
C-16ef52,False,False,False
C-6d80a6,False,False,False
C-23d5a9,False,False,False
C-2e9b92,False,False,False
C-a8e84b,False,False,False
C-edb201,False,False,False
C-92e7a2,True,False,False
C-990050,False,False,False
C-e49016,False,False,True
C-151fb1,True,False,True
C-9b229e,False,False,True
C-d33672,False,False,True
C-f180f4,False,False,False
C-d8d1fd,False,False,False
C-f918d7,False,False,False
C-a77cbf,False,False,True
C-f5dfda,True,True,True
C-9b80de,False,False,False
C-515343,True,False,False
C-da7b0d,False,False,False
C-efed73,True,False,False
C-8d2855,False,False,False
C-992f28,False,False,False
C-d47c85,False,False,False
C-ad8b54,True,False,False
C-89198d,False,False,False
C-f33efc,True,True,False
C-13ca3a,False,False,False
C-07f6e3,False,False,False
C-65b589,False,True,False
C-ea6df1,False,False,False
C-f78dc9,False,False,False
C-9d9bff,False,False,False
C-9d8799,True,False,False
C-2fb169,False,False,False
C-3bac11,False,False,False
C-49868d,False,False,False
C-27770c,False,False,False
C-118bea,True,False,True
C-cf17ca,False,False,False
C-25c0d2,False,True,False
C-05224a,True,False,False
C-fe7ee4,False,False,False
C-14ac13,False,False,True
C-fa1c87,False,False,False
C-29b7f7,False,False,False
C-22b92e,False,False,False
C-46580a,False,False,False
C-ef9abf,True,False,False
C-88a176,False,True,False
C-681c7b,False,False,False
C-ca1941,False,False,False
C-7fcce6,False,False,False
C-5328d6,False,False,False
C-cd7797,False,False,False
C-7f0644,False,False,False
C-2d4533,False,False,False
C-d9410c,False,True,False
C-75fdd6,False,False,True
C-3018d4,True,False,False
C-fcbd6e,False,False,False
C-79999b,False,False,False
C-62ad35,False,False,False
C-f0bd80,False,False,False
C-f49d4c,False,False,False
C-462222,False,False,False
C-f68651,False,False,False
C-9c4603,False,False,False
C-c179a3,False,True,False
C-2c9dae,False,False,False
C-2c86b1,True,False,False
C-1172fe,False,False,False
C-4f6d90,False,False,False
C-f51f1d,False,False,False
C-bd5e5e,False,False,False
C-9fd0cf,False,False,False
C-dcbfa4,True,False,False
C-f1268a,True,False,True
C-0b2d8c,False,False,False
C-26865a,True,False,False
C-fba952,False,False,False
C-e4261a,False,False,False
C-ab36fc,False,False,False
C-fdb715,False,False,False
C-fcfc3c,True,False,False
C-a119b0,False,False,False
C-cdb4d0,False,False,False
C-d08588,False,False,False
C-1eead2,True,False,False
C-9b6151,False,False,True
C-cfb464,False,False,False
C-249af9,False,False,False
C-193426,False,False,False
C-6a6704,False,False,False
C-e41103,False,False,False
C-53546c,False,True,False
C-f6f8a5,True,False,True
C-551bc8,False,False,False
C-31a49a,True,False,True
C-ef2329,False,True,False
C-88877a,True,False,False
C-28085c,False,False,False
C-5f203c,False,False,False
C-a6d0e1,False,False,False
C-95a18e,True,False,False
C-b0b16c,False,False,False
C-dfe189,True,False,False
C-9fe257,False,False,False
C-c1bc7e,False,False,False
C-27e9c1,True,False,False
C-8f8593,False,False,False
C-9775db,False,False,False
C-3efa9b,False,False,True
C-917c1d,True,False,True
C-2d659a,True,False,False
C-5d9db3,False,False,False
C-0c829f,False,False,False
C-83b55f,False,False,False
C-fa6149,False,False,False
C-76d762,True,False,True
C-4b071b,True,True,False
C-b3431e,False,True,False
C-9a1ccc,False,False,False
C-cb924b,False,False,False
C-a47d71,False,False,False
C-33c706,False,False,False
C-901c1a,False,False,False
C-481838,False,True,False
C-ff002d,False,False,False
C-1cf079,False,True,False
C-f17b79,False,False,False
C-020446,True,False,True
C-9f95d3,False,False,False
C-54993f,False,False,False
C-75ddda,False,False,False
C-d7ded6,False,False,False
C-ba8af4,False,False,False
C-811879,True,False,False
C-6736e4,True,False,False
C-0f75be,False,False,False
C-59d7bd,False,False,False
C-d0f6d8,False,False,False
C-9c899e,False,False,False
C-fad4d3,False,False,False
C-07ec1f,False,False,False
C-156544,True,False,False
C-e11abb,False,False,False
C-d85c26,False,False,True
C-d28d0e,False,False,False
C-3bf203,False,False,False
C-326d32,False,False,False
C-44918f,True,False,True
C-cf246e,False,False,False
C-e20cc6,False,False,False
C-1f4cc0,True,False,False
C-0d470e,True,False,False
C-562e14,True,False,False
C-06b32c,False,False,False
C-4bbb74,False,False,False
C-8e5c25,False,False,False
C-8a2d9d,False,True,False
C-d39666,False,False,False
C-ed4dcb,False,False,False
C-105c4c,False,True,False
C-c3b1e4,False,False,False
C-b6997d,False,False,False
C-36d17e,False,False,True
C-5cfad3,False,False,False
C-56b504,False,False,True
C-2bf465,False,False,False
C-54ce4f,False,False,False
C-bb53cb,False,False,False
C-c4e0b8,False,False,False
C-ba801a,False,True,False
C-1f8fd5,True,True,True
C-f477c9,False,False,False
C-4b854f,True,False,True
C-1124ed,False,False,True
C-370962,False,False,False
C-cc90be,False,False,False
C-89af4e,False,True,False
C-e73b7f,False,False,True
C-5e0998,False,False,False
C-09b7c7,False,False,False
C-2299d7,False,False,False
C-67d3e1,True,False,False
C-ca5f4b,True,False,False
C-0340b2,False,False,False
C-5368b0,False,False,False
C-ca81a1,False,False,False
C-ad7ea3,False,False,False
C-864169,False,False,False
C-488b42,False,False,True
C-ce47da,False,False,False
C-fb2a95,False,False,False
C-8d834b,False,False,False
C-9e8172,False,False,False
C-474d36,False,False,True
C-b7e6ac,False,False,False
C-ffc2b8,False,False,False
C-a1bcf0,False,False,False
C-675c0a,False,False,False
C-458075,False,False,False
C-3003bc,False,False,False
C-6ac144,False,False,False
C-9bb1b6,False,True,False
C-07fd6b,False,True,False
C-2e2f04,True,False,False
C-2fc9c4,False,True,False
C-109d03,True,False,False
C-af7968,True,False,False
C-785e8e,False,False,False
C-2886ac,False,False,False
C-a40fa4,False,False,False
C-965d90,False,False,False
C-6a6ed3,True,False,False
C-9c89ca,False,False,False
C-1dce6d,False,False,False
C-0d5e99,False,False,True
C-05bc56,False,True,True
C-887a83,True,False,False
C-84f039,True,False,False
C-aad0f7,False,True,False
C-6ab303,False,False,False
C-4a3e8e,True,False,False
C-f67026,True,False,False
C-c6f6fe,False,False,False
C-374d5d,True,False,False
C-8ae2f5,False,False,True
C-c66a6c,False,False,False
C-7007f0,False,False,False
C-b411ad,False,False,False
C-ca1379,False,False,False
C-615769,False,False,False
C-db2e8d,False,False,False
C-ed73ea,True,False,False
C-e20d30,True,False,False
C-e42d29,False,False,False
C-cd8fba,False,False,True
C-2de339,False,False,False
C-ec714a,False,False,False
C-a6aa23,False,True,False
C-3b4085,True,False,False
C-437da0,True,False,False
C-92da55,False,False,False
C-307676,True,False,False
C-22d30d,False,False,False
C-a4a4a7,False,False,False
C-16ddba,True,False,False
C-e8f3f5,True,False,False
C-6b9663,False,False,False
C-65cff3,True,False,False
C-a860c5,False,False,False
C-37929d,False,False,False
C-efe5bb,False,False,False
C-248550,False,False,False
C-38ef8e,False,False,False
C-885a34,True,False,False
C-c4582f,True,False,False
C-370175,False,False,False
C-a529cf,True,False,False
C-cc0058,False,False,False
C-ae47d1,False,False,False
C-59499c,False,False,False
C-b56a35,False,False,False
C-7e7822,False,False,False
C-484fba,False,True,False
C-22f536,True,False,False
C-5e0b68,False,False,False
