area,base,field,required,purpose
Growth/CRM,accounts,referral_detail,Sim,"Saber qual campanha, conteúdo, evento ou parceiro originou a conta."
Growth/Sales/CS,accounts,icp_segment,Sim,Usar a mesma segmentação operacional entre áreas.
Sales/CS,accounts,owner_id,Sim,Definir dono atual da conta.
Sales/CS,accounts,journey_stage,Sim,Identificar estágio atual da jornada.
Billing/RevOps,subscriptions,contract_id,Sim,"Distinguir contrato, renovação e linhas paralelas."
Billing/RevOps,subscriptions,movement_type,Quando houver mudança,"Classificar expansão, contração, renovação, troca etc."
Billing/RevOps,subscriptions,movement_effective_date,Quando houver mudança,Dar timestamp ao movimento comercial.
Produto,feature_usage,user_id,Recomendado,Separar adoção de um usuário de adoção da conta.
Produto,feature_usage,action_name,Recomendado,Entender qual ação dentro da feature foi realizada.
Produto,feature_usage,event_success,Recomendado,Distinguir uso bem-sucedido de tentativa/erro.
Sales/CS/Suporte,customer_interactions,area,Sim,"Eliminar sobreposição entre Comercial, CS, Suporte e Onboarding."
Sales/CS/Suporte,customer_interactions,interaction_type,Sim,Explicar o motivo operacional da interação.
CS/Suporte,customer_interactions,topic,Sim,Agrupar temas recorrentes.
CS/Suporte/Produto,customer_interactions,feature_name,Quando aplicável,Ligar fricção à parte do produto.
CS/Suporte,customer_interactions,impact_level,Quando houver problema,"Separar dúvida, dificuldade, bloqueio parcial ou total."
Suporte/Produto,customer_interactions,root_cause,Após diagnóstico,Converter tickets em melhoria operacional ou de produto.
Sales/CS/Suporte,customer_interactions,outcome,Sim,Registrar o resultado da interação.
Sales/CS,customer_interactions,next_action / next_action_due_at,Quando houver follow-up,Transformar sinal em ação com dono e prazo.
Finance/RevOps,lifecycle_events,canonical_event_type,Sim,"Separar expansão, contração, renovação, cancelamento, churn e reativação."
Finance/RevOps,lifecycle_events,mrr_before / mrr_after,Sim,Medir impacto econômico real do evento.
