base_atual,campo_atual,acao,base_nova,campo_novo,motivo
accounts,account_id,manter,accounts,account_id,Chave da conta.
accounts,account_name,manter,accounts,account_name,Identificação da conta.
accounts,industry,manter,accounts,industry,Segmentação estática confiável.
accounts,country,manter,accounts,country,Segmentação estática confiável.
accounts,signup_date,manter,accounts,signup_date,Marco de entrada da conta.
accounts,referral_source,manter,accounts,referral_source,Origem macro de aquisição.
accounts,plan_tier,retirar_do_canonico,accounts,—,Não é demonstrado como plano inicial ou atual; permanece no raw para auditoria.
accounts,seats,retirar_do_canonico,accounts,—,Sem posição temporal confiável; seats contratuais ficam em subscriptions.
accounts,is_trial,retirar_do_canonico,accounts,—,Estado temporal não demonstrado; trial permanece por subscription.
accounts,churn_flag,retirar_do_canonico,accounts,—,Conflita com outras representações de churn; não deve ser verdade da conta.
accounts,—,adicionar,accounts,referral_detail,Permite identificar campanha/conteúdo/parceiro específico.
accounts,—,adicionar,accounts,icp_segment,"Segmento operacional usado por Growth, Sales e CS."
accounts,—,adicionar,accounts,owner_id,Responsável atual pela conta.
accounts,—,adicionar,accounts,journey_stage,"Estágio atual da jornada, preenchido no sistema de origem."
subscriptions,subscription_id/account_id/datas/plano/seats/MRR/ARR/trial/billing/auto_renew,manter,subscriptions,mesmos campos,Verdade no grão da linha de subscription.
subscriptions,upgrade_flag,retirar_do_canonico,subscriptions,movement_type + movement_effective_date,Flag sem timestamp não reconstrói a mudança.
subscriptions,downgrade_flag,retirar_do_canonico,subscriptions,movement_type + movement_effective_date,Flag sem timestamp não reconstrói a mudança.
subscriptions,churn_flag,retirar_do_canonico,subscriptions,record_state,"Na base atual equivale a linha encerrada, não churn da conta."
subscriptions,—,adicionar,subscriptions,contract_id,Permite distinguir contratos/renovações paralelas.
feature_usage,usage_id,corrigir,feature_usage,usage_event_id + source_usage_id,Há IDs conflitantes; cria chave canônica sem apagar a origem.
feature_usage,subscription_id/usage_date/feature/contagens,manter,feature_usage,mesmos campos,Preserva telemetria observada.
feature_usage,—,adicionar,feature_usage,account_id,Evita joins repetidos para perguntas no grão conta.
feature_usage,—,adicionar,feature_usage,user_id/action_name/event_success/context,"Permite interpretar adoção, sucesso e fricção; histórico atual fica vazio."
feature_usage,—,adicionar_derivado,feature_usage,temporal_status,Explicita eventos antes/dentro/depois da janela da subscription.
support_tickets,todas as métricas atuais,preservar_e_ampliar,customer_interactions,campos de atendimento preservados,O histórico de suporte continua utilizável no grão ticket.
support_tickets,—,adicionar,customer_interactions,area/interaction_type/owner_id/channel,"Distingue Comercial, CS, Suporte e Onboarding dentro de uma estrutura comum."
support_tickets,—,adicionar,customer_interactions,topic/feature/problem_type/impact/root_cause/recurrence,Transforma atendimento em inteligência para Produto e CS.
support_tickets,—,adicionar,customer_interactions,outcome/next_action/next_action_due_at,Liga interação a ação e resultado.
churn_events,churn_event_id/account_id/date/reason/refund/feedback,preservar_como_registro,lifecycle_events,event_id + campos registrados,Mantém a evidência histórica sem chamá-la automaticamente de perda.
churn_events,preceding_upgrade_flag/preceding_downgrade_flag,retirar_do_canonico,lifecycle_events,—,Flags não verificáveis temporalmente; raw preservado para auditoria.
churn_events,is_reactivation,preservar_como_rotulo,lifecycle_events,recorded_event_type,"O rótulo é mantido, mas não vira evento canônico sem reconciliação."
churn_events,—,adicionar,lifecycle_events,canonical_event_type,"Venda, ativação, expansão, contração, renovação, cancelamento, logo churn ou reativação."
churn_events,—,adicionar,lifecycle_events,mrr_before/mrr_after/seats_before/seats_after/plan_before/plan_after,Conecta evento ao resultado econômico.
